nombre,teléfono,dirección
Pikorette Corp,(787) 294-1577,"149 Ave Winston Churchill, San Juan"
D' Paseo Boutique,(787) 586-0627,"Urb Bairoa Ave Las Americas BS-6 Urb. Bairoa,, Caguas"
Fashion Lovers By Mariness,(787) 738-4257,"Calle Baldorioty Castro, Local 5 ,, Cayey"
Olivia Boutique,(787) 722-6317,"1400 Magdalena ,, San Juan"
Claire's,(787) 265-3966,"975 Ave Hostos ,, Mayagüez"
Mariangi Boutique,(787) 517-9573,"308 Calle Marina ,, Aguada"
Sttilo Boutique by Camille,(787) 948-7175,"312 Ave FD Roosevelt ,, San Juan"
Stella Nolasco Boutique Atelier,(787) 723-2897,"161 San José Condominio Plaza De diego, suite 101-A,, San Juan"
Ah La Laa,(787) 378-7780,"89 Ave De Diego Villas de San Francisco Plaza 1,, San Juan"
Sel-Mar Boutique,(787) 868-7300,"250 Colón ,, Aguada"
Siluetas Boutique Co,(787) 834-0119,"120 Carmelo Ortiz Centro Novios Plaza Suite 103,, Mayagüez"
Gabani Boutique,(787) 244-8430,"Suchville Plaza Mall La Galeria de Suchville y Plaza Suchville,, Guaynabo"
In White Boutique Isabela,(787) 903-2476,"Carr 2 ,, Isabela"
Nítido Boutique,(787) 263-5263,"No. 150 Av. José De Diego ,, Cayey"
Nude Inc,(787) 728-7074,"1750 Calle Loíza ,, San Juan"
Change Vive Inc,(787) 752-0149,"BB-4 Marg Campo Rico ,, Carolina"
Mikaella Boutique,(787) 596-2100,"Carr 107 Km 2.2 ,, Aguadilla"
Luv Me Boutique,(787) 354-3550,"Carr 111 Km 12.6 ,, Moca"
Leolina Boutique,(787) 252-6949,"220 Aguada ,, Aguada"
Miranda's Boutique,(787) 915-0269,"PR-2 4157 Bo Algarrobo,, Vega Baja"
True Love Fashion,(787) 502-3316,"1325 Ave Piñero Edificio Mercantil Plaza,  local G004,, San Juan"
New Era Wholesaler,(787) 339-5210,"Carr 2 Km 137.0 ,, Aguada"
The Tile & Stone Boutique,(787) 780-8082,"21 Ave Santa Cruz Urb. Santa Cruz,, Bayamón"
Le Menina Boutique,(787) 200-5447,"PP-14 Av. Ramón Luis Rivera Marginal Caná,, Bayamón"
Nomadas Boutique,(787) 212-0152,"Aguada ,, Aguada"
D Vou Boutique Plus Size,(787) 747-2716,"A22 Calle2 ,, Caguas"
Ekla Boutique,(787) 485-3830,"Carr 2 Km 138.2 ,, Aguada"
La Revolucion LLC,(787) 722-6666,"302 Del Muelle Franklin Delano Roosevelt,, San Juan"
Poor No More,(787) 722-1832,"437 Andalucia ,, Pueblo Viejo"
Coco Pink Boutique,(787) 421-4021,"Mayaguez Edif. Office Park I Suite 102,, Mayagüez"
Garage Boutique,(787) 202-0630,"Carr 14 km. 46.5 ,, Aibonito"
Vou Boutique,(787) 961-2444,"3B12 Carr 172 Borgoña Urb. Villa del Rey III,, Caguas"
Chloe Boutique,(787) 221-3791,"5 Tenerife ,, Mayagüez"
Rocke,(787) 946-9897,"372 Cesar Gonzalez ,, San Juan"
Charmé Boutique,(787) 483-5050,"1374 Ave Ashford ,, San Juan"
Salvatore Ferragamo,(787) 724-5105,"1056 Ave Ashford 1000  Mall of San Juan Blvd, # 206,, San Juan"
Khloe Boutique,(939) 204-0356,"713 Av. Andalucía, San Juan ,, San Juan"
Looks Boutique,(787) 731-6484,"B-6 Ave Alejandrino ,, Guaynabo"
Evelyn's Shoes,(787) 316-0025,"501 Perseo Urb. Altamira,, Guaynabo"
Étnica & Bohemia,(939) 891-0065,"1103 Vallejo ,, San Juan"
Pau Boutique,(787) 454-2929,"Rincon ,, Rincón"
Bliss Boutique,(787) 273-7072,"266 Av. José de Diego ,, Pueblo Viejo"
Unik Boutique,(787) 507-0070,"Aguada ,, Barranquitas"
GT Hobby Shop,(787) 785-3880,"2u9 Laurel ,, Bayamón"
Eboutike,(787) 777-1222,"208 Av P De León Popular Center Building,, San Juan"
"Delsy"" S Boutique",(787) 249-7060,"Aguadilla ,, Aguadilla"
La Febe Boutique,(787) 516-8852,"70 Candelaria ,, Mayagüez"
Di Mode,(787) 630-7931,"169 Ave Winston Churchill ,, Cupey"
Sedian Boutique,(787) 501-1480,"Carr 115 ,, Aguada"
The Dressing Room,(787) 202-4484,"M22 Ave Luis Muñoz Marin , Caguas"
Zail Boutique,(787) 396-4466," Camuy , Camuy"
"Doux Muah Boutique, Inc",(787) 318-7493," Carr 155 Km 55.8 Bo Franquez, Morovis"
Janin Diepa,(787) 545-5119,"1508 Ave Ponce de Leon , Santurce"
Yiyi Boutique,(787) 744-2912,"NR 21 Baldorioty , Caguas"
Adore Boutique,(787) 467-7815,"125B Colón , Aguada"
Por Anna,(787) 338-0141,"11 Marginal Acuarela , Guaynabo"
Coquelicot Fashion - My Spot,(787) 434-0736," Carr 172  Bo Certeneja , Cidra"
Lilu Boutique,(787) 395-0415,"2926 Ave E Fagot , Ponce"
Soje Boutique for Him And for Her,(787) 473-2489,"49-51 Ave Main Sta Rosa, Bayamon"
Kids Couture,(787) 651-4888," 2703 El Monte 11 , Ponce"
Angelynn Boutike & Nails,(787) 843-3514,"55 Sol , Ponce"
Beast! Street Wear Boutique,(787) 565-4892,"1706 Loiza Esq Taft Galería Loc 4, San Juan"
Amazonas Brazil,(787) 800-4559," Galeria Paseos , San Juan"
Ecleptica Boutique,(787) 704-2323," Carr 1 Km33.2 Urb Bairoa, Caguas"
D'Moda Chic,(787) 691-0086," Carr 167 Rio Hondo Urb Riverview, Bayamon"
Boutique Autentica,(787) 986-7008," Mayaguez , Mayaguez"
Muaré Ethnic Wear,(787) 556-8192," Carr 194 Km 1.0 Monte Brisas, Fajardo"
Mujeres Boutiques,(787) 852-4039,"30-R Calle 24 , Humacao"
Marzela Boutique PR,(939) 640-2314,Ponce
T-Shirt Desing,(787) 801-3800,"A 18 Rafael Bermudez , Fajardo"
La Casita Blanca,(787) 722-6071,"200 Fortaleza , San Juan"
Stylo Boutique,(787) 621-6316," Hrnos Ortíz  Záez , Vega Baja"
Lenna Boutique,(787) 458-6651,"164 Carr 2 Plaza Peregrinos, Hormigueros"
LOLA-Vie Boutique,(787) 235-8886,"1111 Ave FD Roosvelt , San Juan"
La Femme,(787) 765-6740,"320 Ave Roosevelt , Hato Rey"
La Femme,(787) 765-6740,"320 Ave Roosevelt , Hato Rey"
Femenina Accesorios Boutique,(787) 793-7132," Ave San Patricio Plaza San Patricio, Guaynabo"
Marie Marie House,(787) 565-9540,"2156 Teniente Lavernge , San Juan"
Lindísima Boutique LLC,(787) 662-2008,"240 Girasol Urb Sabanera Del Rio, Gurabo"
Pasarela Boutique,(787) 447-9741,"36 Mattei Lluberas , Yauco"
Punta y Taco Boutique,(787) 993-1788," 1133 F D Roosevelt Urb Pto Nuevo, Pueblo Viejo"
VIP Boutique,(787) 728-8720,"25 Marginal B de Castro , Isla Verde"
NOUS...,(787) 781-7730,"  San Patricio Plaza, Pueblo Viejo"
Zona 21,(787) 891-5075,"  Carr 107 Km 2.4 Villa Marta, Aguadilla"
Pasarela Boutique,(787) 447-9741,"36 Mattei Lluberas , Yauco"
G C Sport,(787) 745-2338," VV 1 Las Piedras , Caguas"
VIP Boutique,(787) 728-8720,"25 Marginal B de Castro , Isla Verde"
Femenina Accesorios Boutique,(787) 793-7132," Ave San Patricio Plaza San Patricio, Guaynabo"
Glamour by Carlos Alberto,(787) 796-1112,"  Plaza Dorada, Dorado"
Fanika Boutique,(787) 833-1229," Mayaguez , Mayaguez"
Mayte...The Pop Up Boutique,(939) 247-1892," Ave Bairoa BF-13 , Caguas"
Aida's Boutique,(787) 891-0884," Carr 107 Km 0 Hm 7 Bo Borinquen, Aguadilla"
Yara Boutique,(787) 890-0127," Carr 110 Km 9.6 , Aguadilla"
Ana's Boutique,(787) 898-5479,"  Bo Membrillo, Camuy"
Leslie An Boutique,(787) 235-9002," Isabela , Isabela"
E'leonor,(787) 725-4670,"1310 Ave Ashford , Condado"
Lindísima Boutique LLC,(787) 662-2008,"240 Girasol Urb Sabanera Del Rio, Gurabo"
Ego Inc,(787) 781-8670,"350 Ave F D Roosevelt , Pueblo Viejo"
Leslie An Boutique,(787) 235-9002," Isabela , Isabela"
Eva's Modas,(787) 743-8350,"64 Betances , Caguas"
Skalé Boutique,(787) 765-0197,"1667 Ave Parana , Rio Piedras"
Pilaris Boutique,(787) 486-3565,"102 Palma Urb Mansiones de Cabo rojo, Cabo Rojo"
Sommeil Boutique,(787) 858-6546,"  10-C Muñoz Rivera, Vega Baja"
Metamorfosis Plus,(787) 235-5437," 2211 Ave Fagot , Ponce"
Di Tutto Di Piu,(787) 765-2675,"210 Domenech , Hato Rey"
Mi Ropero Boutique,(787) 306-9934," Highway 110 Km 8.6 , Aguadilla"
The Red Door Boutique & Gift Shop,(720) 289-5079," Carr 413 Km 4.4 , Rincon"
MV Fashion,(787) 942-9075," Ave Principal Toa Alta Heights, Toa Alta"
Claire's Boutiques,(787) 269-1975,"  Las Catalinas Mall, Caguas"
Mayte...The Pop Up Boutique,(939) 247-1892," Ave Bairoa BF-13 , Caguas"
Muaré Ethnic Wear,(787) 556-8192," Carr 194 Km 1.0 Monte Brisas, Fajardo"
Bella Shoes Distributors,(787) 654-8418,"251 Carr 686 Urb San Vicente, Vega Baja"
My Girly Closet LLC,(787) 868-9000," Carr 417 Km 3.3 Bo Guanabano, Aguada"
Isas Boutique,(787) 848-8883," Carr 2 Km 164.5 Bo Jaguitas, Hormigueros"
In Style Chic,(787) 847-1101," Carr 149 Km 58.1 Bo Tierra Santa, Villalba"
Lissa Porrata Atelier,(787) 844-9263,"H-6 Marginal Glenview Gardens, Ponce"
Today Fashion,(787) 837-8833,"56 Comercio , Juana Diaz"
Piero Boutique,(787) 756-5120,"  17-D Mejico, Hato Rey"
Posh Boutique,(866) 420-6654,"AX6 Ave Muñoz Rivera , Caguas"
Coquelicot Fashion - My Spot,(787) 434-0736," Carr 172  Bo Certeneja , Cidra"
Hannas Boutique,(787) 734-0478," Carr 31 Km 24.5 , Juncos"
Branche by Larose,(787) 843-9404,"508 Ave Tito Castro , Ponce"
Sorelle Stile Boutique,(787) 360-2322,Toa Alta
Mode D'Or Boutique,(787) 880-0765," Carr 662 Km 1.8 Bo Santana, Arecibo"
Coquetissima Boutique,(787) 616-2123," Beltz Outlets , Canovanas"
Dafener Boutique,(787) 833-5595,"74-O Mendez Vigo , Mayaguez"
Second Chance Vintage Store,(787) 408-5713," Plaza del Mercado , Cabo Rojo"
Autenticas Solo Para Ti Mujer,(939) 290-0995," Calle Barcelo 39 , Barranquitas"
Musa Boutique,(787) 248-6162," Carr 195 Puerto Real Unión, Fajardo"
Le Rose Boutique,(787) 872-4540,"  Plaza Coop Mall, Isabela"
Di Tutto Di Piu,(787) 765-2675,"210 Domenech , Hato Rey"
Momentus Boutique,(787) 362-4200," Guayama , Guayama"
Stylo Boutique,(787) 621-6316," Hrnos Ortíz  Záez , Vega Baja"
Yara Boutique,(787) 890-0127," Carr 110 Km 9.6 , Aguadilla"
González Padilla Melister,(787) 884-9289,"44 Jose De Diego , Ciales"
Fanika Boutique,(787) 833-1229," Mayaguez , Mayaguez"
Sidi Toni Boutique,(787) 842-3120,"63 Mayor , Ponce"
D'Boutique By: Debbie,(787) 981-8770,"32-13 Ave North Main Urb Sierra Bayamón, Bayamon"
Gravity,(787) 977-3700,"14 Ave Roosvelt Plaza Las Americas 2do Nivel, Hato Rey"
NMR Investment Inc Blossom Boutique,(787) 781-1112,"  Plaza Suchville, Pueblo Viejo"
Autenticas Solo Para Ti Mujer,(939) 290-0995," Calle Barcelo 39 , Barranquitas"
Boutique Autentica,(787) 986-7008," Mayaguez , Mayaguez"
Marzela Boutique PR,(939) 640-2314,Ponce
Branche by Larose,(787) 843-9404,"508 Ave Tito Castro , Ponce"
Toque Femenino Boutique,(787) 877-6990," Moca , Moca"
Musa Boutique,(787) 248-6162," Carr 195 Puerto Real Unión, Fajardo"
Chikas Shoe Boutique,(787) 462-5488,"1135 Ave Jesús T Piñero , San Juan"
Casuallis Boutique,(787) 898-3527,"  Carr 130 Km 4.9, Hatillo"
Yiyi Boutique,(787) 744-2912,"NR 21 Baldorioty , Caguas"
Punta y Taco Boutique,(787) 993-1788," 1133 F D Roosevelt Urb Pto Nuevo, Pueblo Viejo"
La Boutique,(787) 878-7581,"171 Ave Rotarios Urb San Luis, Arecibo"
Angelynn Boutike & Nails,(787) 843-3514,"55 Sol , Ponce"
Sidi Toni Boutique,(787) 842-3120,"63 Mayor , Ponce"
Zareth's,(787) 867-2228,"11 4 de Julio , Orocovis"
Motivos,(787) 895-3995," Carr 2 Km 100.1 Bo Los Cocos, Quebradillas"
Claire & S Boutique Inc,(787) 866-1119,"  Plaza Guayama, Guayama"
Dressed Inc,(787) 725-5171,"1450 Ave Ashford , Santurce"
Calú Online Boutique,(787) 633-1031," B-10 Calle 1 , Isabela"
Bikeris Boutique,(787) 241-9592," San Sebastian , San Sebastian"
Jossie's Fashions,(787) 832-3650," Carr 108 Km 3.6 Bo Miradero, Mayaguez"
Black Envy Boutique,(787) 295-2075,Vega Baja
De Moda Exclusiva,(787) 744-3540," 4 A Carr 189 , Coamo"
Amazonas Brazil,(787) 800-4559," Galeria Paseos , San Juan"
Glamour Divino Corp,(787) 876-0569," Belz Factory Outlets , Canovanas"
In Style Chic,(787) 847-1101," Carr 149 Km 58.1 Bo Tierra Santa, Villalba"
Second Chance Vintage Store,(787) 408-5713," Plaza del Mercado , Cabo Rojo"
D Boutique,(787) 817-9489," Carr 2 Ave Miramar , Arecibo"
My Girly Closet LLC,(787) 868-9000," Carr 417 Km 3.3 Bo Guanabano, Aguada"
Amare Boutique,(787) 651-7277,"2916 Ave Emilio Fagot , Ponce"
Paola Boutique,(787) 645-1851," Isabela , Isabela"
Nova Boutique,(787) 678-3661,San Juan
Claire's Boutiques,(787) 269-1975,"  Sta Rosa Mall, Bayamon"
Piccolina,(787) 993-5678,"350 Ave F D Roosevelt y Escorial , Hato Rey"
Koketa Boutique,(787) 969-8000," Plaza Nuevo Mundo , Ponce"
Exclusive MW Boutique,(787) 961-3030,"  Centro Comercial Turabo Gardens, Caguas"
D'Boutique By: Debbie,(787) 981-8770,"32-13 Ave North Main Urb Sierra Bayamón, Bayamon"
Soje Boutique for Him And for Her,(787) 473-2489,"49-51 Ave Main Sta Rosa, Bayamon"
D¿Fashion Girl,(787) 644-2422," Carr 107 Km 2.2 El Faro 2, Aguadilla"
Baby Tutu,(787) 381-5521,Arecibo
Eva's Modas,(787) 743-8350,"64 Betances , Caguas"
